customer_id,name,email,created_date
1001,Daniel Brown,daniel.brown448@example.com,2024-11-05
1002,Emma Brown,emma.brown736@example.com,2024-05-25
1003,Laura Brown,laura.brown347@example.com,2024-03-20
1004,John Garcia,john.garcia561@example.com,2025-05-04
1005,Chris Jones,chris.jones641@example.com,2024-11-13
1006,Chris Rodriguez,chris.rodriguez772@example.com,2024-05-24
1007,Emily Garcia,emily.garcia946@example.com,2024-02-17
1008,David Johnson,david.johnson642@example.com,2025-11-10
1009,Michael Martinez,michael.martinez999@example.com,2023-12-16
1010,Laura Miller,laura.miller787@example.com,2024-11-02
1011,Emily Garcia,emily.garcia890@example.com,2024-08-27
1012,David Martinez,david.martinez779@example.com,2024-02-10
1013,Laura Smith,laura.smith640@example.com,2025-03-07
1014,John Jones,john.jones833@example.com,2024-07-26
1015,Laura Garcia,laura.garcia563@example.com,2024-10-09
1016,Emma Davis,emma.davis525@example.com,2024-04-04
1017,Michael Brown,michael.brown343@example.com,2024-09-08
1018,Daniel Johnson,daniel.johnson396@example.com,2025-01-09
1019,Emily Williams,emily.williams371@example.com,2025-04-01
1020,John Rodriguez,john.rodriguez286@example.com,2024-09-26
1021,Emma Jones,emma.jones511@example.com,2024-12-19
1022,Jane Miller,jane.miller12@example.com,2024-11-16
1023,Emma Johnson,emma.johnson358@example.com,2024-03-19
1024,Emily Jones,emily.jones465@example.com,2025-06-29
1025,John Davis,john.davis962@example.com,2024-12-30
1026,Michael Smith,michael.smith149@example.com,2025-11-01
1027,Sarah Jones,sarah.jones880@example.com,2025-04-12
1028,John Brown,john.brown791@example.com,2024-03-12
1029,David Miller,david.miller219@example.com,2025-07-28
1030,Michael Rodriguez,michael.rodriguez789@example.com,2024-01-05
1031,Emily Rodriguez,emily.rodriguez434@example.com,2025-07-05
1032,Chris Smith,chris.smith467@example.com,2025-06-11
1033,Daniel Johnson,daniel.johnson499@example.com,2024-02-15
1034,Chris Williams,chris.williams683@example.com,2025-01-20
1035,Michael Jones,michael.jones474@example.com,2024-11-25
1036,Emily Jones,emily.jones13@example.com,2025-06-01
1037,John Johnson,john.johnson552@example.com,2025-01-10
1038,Emily Johnson,emily.johnson601@example.com,2024-01-08
1039,Laura Jones,laura.jones850@example.com,2024-04-18
1040,Michael Miller,michael.miller599@example.com,2025-05-06
1041,Laura Jones,laura.jones18@example.com,2025-04-25
1042,Emily Brown,emily.brown301@example.com,2025-10-01
1043,Emma Davis,emma.davis587@example.com,2024-11-21
1044,Emma Davis,emma.davis601@example.com,2024-11-04
1045,Emily Davis,emily.davis632@example.com,2025-11-20
1046,Emma Brown,emma.brown214@example.com,2024-04-11
1047,Emma Jones,emma.jones885@example.com,2025-06-05
1048,Michael Johnson,michael.johnson763@example.com,2024-12-04
1049,John Johnson,john.johnson214@example.com,2025-11-09
1050,Emma Rodriguez,emma.rodriguez893@example.com,2025-06-16
1051,Emily Smith,emily.smith949@example.com,2025-04-12
1052,Chris Garcia,chris.garcia394@example.com,2025-02-09
1053,Chris Smith,chris.smith272@example.com,2024-08-24
1054,Chris Johnson,chris.johnson796@example.com,2023-12-05
1055,Michael Rodriguez,michael.rodriguez15@example.com,2024-07-15
1056,Chris Smith,chris.smith182@example.com,2025-07-14
1057,Laura Smith,laura.smith333@example.com,2025-07-03
1058,Daniel Jones,daniel.jones850@example.com,2024-06-20
1059,Emma Miller,emma.miller192@example.com,2025-11-14
1060,Emma Rodriguez,emma.rodriguez624@example.com,2024-10-14
1061,Chris Brown,chris.brown986@example.com,2024-09-07
1062,David Davis,david.davis782@example.com,2024-08-30
1063,Jane Garcia,jane.garcia396@example.com,2025-10-07
1064,Michael Rodriguez,michael.rodriguez213@example.com,2025-06-11
1065,Chris Brown,chris.brown943@example.com,2024-11-26
1066,Jane Williams,jane.williams358@example.com,2024-07-24
1067,David Jones,david.jones793@example.com,2025-11-19
1068,Sarah Williams,sarah.williams525@example.com,2025-02-21
1069,Daniel Johnson,daniel.johnson614@example.com,2025-05-29
1070,David Smith,david.smith952@example.com,2024-01-03
1071,Emily Garcia,emily.garcia796@example.com,2025-06-02
1072,Chris Miller,chris.miller140@example.com,2025-05-15
1073,Laura Brown,laura.brown683@example.com,2024-09-21
1074,Daniel Miller,daniel.miller176@example.com,2024-07-10
1075,Chris Garcia,chris.garcia320@example.com,2025-10-10
1076,John Jones,john.jones128@example.com,2024-08-31
1077,John Brown,john.brown78@example.com,2024-08-27
1078,Michael Garcia,michael.garcia52@example.com,2024-11-18
1079,Emily Johnson,emily.johnson143@example.com,2025-03-22
1080,Laura Brown,laura.brown673@example.com,2025-10-24
1081,Emily Garcia,emily.garcia354@example.com,2024-03-03
1082,Chris Smith,chris.smith740@example.com,2025-08-08
1083,John Martinez,john.martinez615@example.com,2024-12-21
1084,Emily Jones,emily.jones392@example.com,2024-09-12
1085,Sarah Miller,sarah.miller929@example.com,2023-12-29
1086,David Rodriguez,david.rodriguez765@example.com,2024-11-20
1087,Emily Martinez,emily.martinez261@example.com,2025-09-14
1088,Sarah Brown,sarah.brown799@example.com,2025-03-15
1089,John Johnson,john.johnson199@example.com,2024-07-06
1090,Laura Rodriguez,laura.rodriguez91@example.com,2024-07-24
1091,Chris Miller,chris.miller632@example.com,2023-12-27
1092,Laura Davis,laura.davis243@example.com,2025-05-27
1093,John Brown,john.brown659@example.com,2025-01-06
1094,Sarah Brown,sarah.brown467@example.com,2025-10-03
1095,Chris Brown,chris.brown676@example.com,2024-10-02
1096,Jane Brown,jane.brown899@example.com,2024-05-18
1097,Laura Miller,laura.miller391@example.com,2024-01-05
1098,Jane Jones,jane.jones516@example.com,2024-09-08
1099,Emma Johnson,emma.johnson758@example.com,2025-05-23
1100,Chris Miller,chris.miller653@example.com,2025-11-04
1101,Emily Brown,emily.brown512@example.com,2025-08-12
1102,Sarah Brown,sarah.brown216@example.com,2025-10-11
1103,Laura Jones,laura.jones615@example.com,2025-09-17
1104,John Williams,john.williams232@example.com,2024-06-28
1105,Emily Williams,emily.williams862@example.com,2024-09-15
1106,David Brown,david.brown653@example.com,2025-05-08
1107,Emily Williams,emily.williams8@example.com,2025-03-08
1108,Sarah Martinez,sarah.martinez421@example.com,2025-04-23
1109,Sarah Davis,sarah.davis772@example.com,2024-09-02
1110,Emma Jones,emma.jones147@example.com,2025-02-23
1111,Emma Johnson,emma.johnson706@example.com,2025-02-22
1112,John Jones,john.jones328@example.com,2024-04-07
1113,Laura Johnson,laura.johnson997@example.com,2024-07-11
1114,Emma Miller,emma.miller283@example.com,2025-09-10
1115,John Brown,john.brown976@example.com,2025-05-27
1116,David Rodriguez,david.rodriguez423@example.com,2023-12-31
1117,Emma Smith,emma.smith647@example.com,2025-11-28
1118,Daniel Rodriguez,daniel.rodriguez876@example.com,2024-07-27
1119,David Garcia,david.garcia342@example.com,2024-04-28
1120,Michael Williams,michael.williams598@example.com,2025-09-22
1121,Sarah Davis,sarah.davis233@example.com,2023-12-04
1122,Jane Smith,jane.smith538@example.com,2025-07-16
1123,John Martinez,john.martinez222@example.com,2025-08-12
1124,Michael Williams,michael.williams209@example.com,2024-09-25
1125,Laura Williams,laura.williams318@example.com,2025-01-08
1126,Emily Williams,emily.williams650@example.com,2024-08-02
1127,Laura Martinez,laura.martinez103@example.com,2024-01-06
1128,Laura Smith,laura.smith632@example.com,2025-11-26
1129,Laura Garcia,laura.garcia910@example.com,2025-02-08
1130,Laura Williams,laura.williams172@example.com,2024-09-03
1131,Jane Johnson,jane.johnson113@example.com,2025-08-11
1132,Emily Martinez,emily.martinez476@example.com,2025-07-02
1133,David Rodriguez,david.rodriguez434@example.com,2024-10-16
1134,Jane Davis,jane.davis581@example.com,2024-10-20
1135,Chris Williams,chris.williams581@example.com,2024-01-24
1136,Emily Smith,emily.smith253@example.com,2024-06-02
1137,Emily Davis,emily.davis917@example.com,2024-11-04
1138,Jane Rodriguez,jane.rodriguez500@example.com,2025-06-16
1139,David Johnson,david.johnson347@example.com,2024-09-30
1140,John Rodriguez,john.rodriguez980@example.com,2025-04-14
1141,Chris Davis,chris.davis234@example.com,2024-05-01
1142,David Davis,david.davis598@example.com,2025-06-20
1143,David Brown,david.brown976@example.com,2025-07-08
1144,Jane Davis,jane.davis823@example.com,2024-05-28
1145,Michael Rodriguez,michael.rodriguez637@example.com,2025-08-02
1146,Emily Smith,emily.smith993@example.com,2024-03-24
1147,John Rodriguez,john.rodriguez829@example.com,2024-09-15
1148,Michael Garcia,michael.garcia162@example.com,2024-07-26
1149,Jane Johnson,jane.johnson768@example.com,2023-12-02
1150,Michael Jones,michael.jones50@example.com,2025-05-31
1151,Jane Rodriguez,jane.rodriguez123@example.com,2024-03-02
1152,David Williams,david.williams997@example.com,2025-06-05
1153,Emma Johnson,emma.johnson534@example.com,2025-04-10
1154,Jane Davis,jane.davis297@example.com,2025-05-12
1155,Jane Williams,jane.williams67@example.com,2025-02-09
1156,Daniel Rodriguez,daniel.rodriguez384@example.com,2023-12-15
1157,Chris Davis,chris.davis657@example.com,2024-12-10
1158,Laura Brown,laura.brown259@example.com,2024-07-08
1159,Chris Martinez,chris.martinez950@example.com,2024-10-19
1160,Sarah Williams,sarah.williams569@example.com,2025-04-12
1161,John Garcia,john.garcia323@example.com,2024-04-25
1162,Chris Miller,chris.miller903@example.com,2025-10-13
1163,Laura Williams,laura.williams195@example.com,2024-04-10
1164,Michael Jones,michael.jones716@example.com,2025-04-07
1165,Chris Johnson,chris.johnson618@example.com,2025-06-12
1166,Daniel Martinez,daniel.martinez884@example.com,2025-01-28
1167,Michael Rodriguez,michael.rodriguez185@example.com,2024-12-19
1168,Sarah Davis,sarah.davis165@example.com,2025-04-24
1169,David Brown,david.brown728@example.com,2025-06-11
1170,Laura Davis,laura.davis904@example.com,2024-11-04
1171,Jane Miller,jane.miller51@example.com,2024-03-10
1172,Daniel Martinez,daniel.martinez892@example.com,2024-12-11
1173,Michael Brown,michael.brown66@example.com,2025-01-24
1174,Daniel Johnson,daniel.johnson536@example.com,2024-03-22
1175,David Williams,david.williams794@example.com,2025-08-31
1176,Emma Rodriguez,emma.rodriguez73@example.com,2024-03-21
1177,Emma Jones,emma.jones26@example.com,2024-06-10
1178,Chris Martinez,chris.martinez359@example.com,2025-09-06
1179,Laura Miller,laura.miller690@example.com,2024-12-18
1180,John Garcia,john.garcia610@example.com,2025-10-15
1181,Chris Williams,chris.williams525@example.com,2024-08-08
1182,Michael Jones,michael.jones799@example.com,2024-03-31
1183,John Williams,john.williams721@example.com,2024-05-08
1184,Emma Martinez,emma.martinez886@example.com,2023-12-05
1185,John Rodriguez,john.rodriguez907@example.com,2024-11-15
1186,David Rodriguez,david.rodriguez579@example.com,2025-06-26
1187,Michael Rodriguez,michael.rodriguez372@example.com,2025-09-16
1188,Emma Garcia,emma.garcia794@example.com,2024-08-31
1189,Jane Garcia,jane.garcia426@example.com,2023-12-02
1190,David Rodriguez,david.rodriguez80@example.com,2024-07-13
1191,David Smith,david.smith963@example.com,2025-07-11
1192,Daniel Davis,daniel.davis692@example.com,2024-09-19
1193,Emily Davis,emily.davis272@example.com,2025-03-05
1194,Michael Brown,michael.brown280@example.com,2024-08-25
1195,Jane Smith,jane.smith905@example.com,2024-03-03
1196,Emily Rodriguez,emily.rodriguez226@example.com,2025-08-05
1197,Emily Jones,emily.jones55@example.com,2024-03-25
1198,Sarah Garcia,sarah.garcia229@example.com,2025-05-01
1199,Daniel Johnson,daniel.johnson813@example.com,2024-09-30
1200,Emily Davis,emily.davis496@example.com,2025-09-26
1201,Laura Martinez,laura.martinez465@example.com,2025-06-14
1202,Emma Martinez,emma.martinez251@example.com,2025-11-10
1203,Chris Smith,chris.smith809@example.com,2024-08-04
1204,Michael Miller,michael.miller78@example.com,2024-10-10
1205,John Jones,john.jones149@example.com,2024-06-04
1206,Sarah Davis,sarah.davis595@example.com,2025-07-25
1207,John Williams,john.williams721@example.com,2024-02-08
1208,Emily Smith,emily.smith630@example.com,2025-09-07
1209,David Johnson,david.johnson968@example.com,2024-07-21
1210,Emily Jones,emily.jones888@example.com,2025-03-05
1211,Emily Smith,emily.smith702@example.com,2024-10-23
1212,Emma Miller,emma.miller42@example.com,2025-10-11
1213,Sarah Johnson,sarah.johnson873@example.com,2024-08-07
1214,Jane Johnson,jane.johnson324@example.com,2024-08-09
1215,Michael Brown,michael.brown940@example.com,2024-01-18
1216,Daniel Williams,daniel.williams266@example.com,2024-12-06
1217,Chris Miller,chris.miller614@example.com,2025-01-14
1218,John Garcia,john.garcia469@example.com,2024-09-19
1219,Michael Martinez,michael.martinez957@example.com,2025-06-14
1220,Daniel Davis,daniel.davis830@example.com,2024-01-06
1221,Emma Miller,emma.miller704@example.com,2024-09-01
1222,Sarah Brown,sarah.brown870@example.com,2024-04-11
1223,Sarah Smith,sarah.smith300@example.com,2025-02-25
1224,John Martinez,john.martinez797@example.com,2024-08-29
1225,Michael Smith,michael.smith152@example.com,2025-07-18
1226,Emily Rodriguez,emily.rodriguez832@example.com,2024-08-17
1227,Michael Garcia,michael.garcia947@example.com,2024-03-14
1228,Sarah Garcia,sarah.garcia482@example.com,2025-05-26
1229,Emily Brown,emily.brown976@example.com,2025-09-30
1230,David Smith,david.smith975@example.com,2025-03-05
1231,Chris Smith,chris.smith373@example.com,2024-01-05
1232,David Miller,david.miller200@example.com,2025-02-15
1233,John Johnson,john.johnson262@example.com,2025-06-06
1234,David Johnson,david.johnson131@example.com,2024-10-16
1235,Laura Smith,laura.smith977@example.com,2024-06-16
1236,Chris Davis,chris.davis454@example.com,2024-11-19
1237,Emma Garcia,emma.garcia546@example.com,2025-01-13
1238,Michael Johnson,michael.johnson262@example.com,2024-03-25
1239,Emily Brown,emily.brown250@example.com,2024-09-02
1240,Sarah Brown,sarah.brown491@example.com,2024-06-16
1241,Sarah Davis,sarah.davis906@example.com,2025-10-27
1242,Chris Davis,chris.davis338@example.com,2024-06-20
1243,Emma Johnson,emma.johnson163@example.com,2025-06-16
1244,Michael Miller,michael.miller74@example.com,2024-01-01
1245,Emily Rodriguez,emily.rodriguez702@example.com,2024-06-24
1246,Emma Martinez,emma.martinez474@example.com,2025-05-07
1247,John Brown,john.brown342@example.com,2024-12-12
1248,Daniel Smith,daniel.smith304@example.com,2024-11-21
1249,Laura Garcia,laura.garcia483@example.com,2025-02-24
1250,Chris Brown,chris.brown261@example.com,2024-12-20
1251,Chris Martinez,chris.martinez544@example.com,2024-02-24
1252,David Martinez,david.martinez900@example.com,2024-02-11
1253,Jane Brown,jane.brown826@example.com,2024-05-16
1254,Chris Rodriguez,chris.rodriguez598@example.com,2024-12-10
1255,Laura Rodriguez,laura.rodriguez736@example.com,2024-08-30
1256,Emma Jones,emma.jones217@example.com,2025-07-02
1257,John Johnson,john.johnson359@example.com,2025-01-22
1258,Laura Rodriguez,laura.rodriguez920@example.com,2025-08-11
1259,Chris Davis,chris.davis876@example.com,2025-06-11
1260,David Rodriguez,david.rodriguez143@example.com,2025-02-01
1261,David Martinez,david.martinez965@example.com,2025-07-03
1262,Laura Williams,laura.williams570@example.com,2024-07-20
1263,Sarah Davis,sarah.davis550@example.com,2024-01-22
1264,David Jones,david.jones650@example.com,2025-09-01
1265,Emily Martinez,emily.martinez294@example.com,2025-05-30
1266,Laura Miller,laura.miller118@example.com,2025-03-31
1267,John Jones,john.jones537@example.com,2024-04-24
1268,Jane Miller,jane.miller17@example.com,2024-11-23
1269,Sarah Martinez,sarah.martinez868@example.com,2025-02-05
1270,Emma Johnson,emma.johnson176@example.com,2025-04-05
1271,Michael Davis,michael.davis195@example.com,2025-11-18
1272,Chris Williams,chris.williams876@example.com,2024-02-25
1273,David Jones,david.jones521@example.com,2025-06-11
1274,Laura Garcia,laura.garcia277@example.com,2024-06-18
1275,Michael Johnson,michael.johnson571@example.com,2024-12-11
1276,David Johnson,david.johnson99@example.com,2025-10-28
1277,Jane Jones,jane.jones101@example.com,2025-11-12
1278,Emily Brown,emily.brown268@example.com,2024-12-24
1279,Chris Jones,chris.jones962@example.com,2024-01-21
1280,John Miller,john.miller440@example.com,2025-07-25
1281,Chris Garcia,chris.garcia706@example.com,2025-06-12
1282,Michael Davis,michael.davis367@example.com,2025-10-08
1283,Daniel Williams,daniel.williams452@example.com,2025-02-05
1284,Michael Miller,michael.miller590@example.com,2024-10-17
1285,Laura Martinez,laura.martinez603@example.com,2025-08-08
1286,David Smith,david.smith617@example.com,2024-11-06
1287,Michael Johnson,michael.johnson630@example.com,2024-12-03
1288,Michael Jones,michael.jones852@example.com,2025-05-17
1289,Sarah Jones,sarah.jones252@example.com,2024-10-22
1290,Laura Johnson,laura.johnson319@example.com,2024-01-26
1291,Laura Jones,laura.jones147@example.com,2025-09-28
1292,Emma Miller,emma.miller828@example.com,2025-09-17
1293,Daniel Brown,daniel.brown218@example.com,2024-09-26
1294,Daniel Brown,daniel.brown942@example.com,2024-02-11
1295,Chris Jones,chris.jones6@example.com,2025-07-30
1296,Chris Martinez,chris.martinez167@example.com,2025-04-24
1297,Sarah Brown,sarah.brown344@example.com,2024-05-18
1298,John Rodriguez,john.rodriguez653@example.com,2023-12-03
1299,Sarah Rodriguez,sarah.rodriguez174@example.com,2025-01-21
1300,Laura Jones,laura.jones819@example.com,2024-08-08
1301,John Garcia,john.garcia93@example.com,2024-10-01
1302,Jane Williams,jane.williams406@example.com,2024-01-31
1303,Daniel Jones,daniel.jones821@example.com,2024-11-25
1304,Laura Garcia,laura.garcia772@example.com,2024-09-13
1305,Emma Davis,emma.davis112@example.com,2025-11-11
1306,David Smith,david.smith63@example.com,2025-08-17
1307,Emily Smith,emily.smith340@example.com,2025-09-09
1308,David Brown,david.brown597@example.com,2024-04-16
1309,John Rodriguez,john.rodriguez942@example.com,2025-05-02
1310,David Davis,david.davis572@example.com,2025-08-01
1311,Emma Martinez,emma.martinez224@example.com,2023-12-24
1312,Jane Miller,jane.miller320@example.com,2025-01-02
1313,Emma Jones,emma.jones796@example.com,2024-07-16
1314,Emily Johnson,emily.johnson401@example.com,2025-05-12
1315,Emily Rodriguez,emily.rodriguez238@example.com,2025-02-23
1316,Emily Rodriguez,emily.rodriguez998@example.com,2024-01-17
1317,David Smith,david.smith472@example.com,2024-07-28
1318,Laura Johnson,laura.johnson958@example.com,2025-11-20
1319,Chris Garcia,chris.garcia302@example.com,2024-02-04
1320,Laura Johnson,laura.johnson15@example.com,2024-04-28
1321,Emily Garcia,emily.garcia541@example.com,2024-04-25
1322,John Rodriguez,john.rodriguez812@example.com,2025-07-31
1323,Michael Johnson,michael.johnson245@example.com,2025-11-19
1324,John Miller,john.miller876@example.com,2023-12-27
1325,Emma Davis,emma.davis495@example.com,2023-12-14
1326,Emily Martinez,emily.martinez812@example.com,2024-12-15
1327,Chris Rodriguez,chris.rodriguez231@example.com,2024-06-16
1328,Daniel Rodriguez,daniel.rodriguez549@example.com,2025-04-15
1329,Sarah Garcia,sarah.garcia101@example.com,2024-12-18
1330,Emily Jones,emily.jones869@example.com,2024-07-12
1331,Emily Garcia,emily.garcia810@example.com,2025-05-12
1332,Emily Brown,emily.brown44@example.com,2023-12-04
1333,Sarah Smith,sarah.smith380@example.com,2024-03-14
1334,Daniel Rodriguez,daniel.rodriguez213@example.com,2025-09-06
1335,Emma Rodriguez,emma.rodriguez874@example.com,2024-11-30
1336,Michael Garcia,michael.garcia796@example.com,2024-08-06
1337,Laura Smith,laura.smith343@example.com,2023-12-30
1338,John Johnson,john.johnson916@example.com,2023-12-23
1339,Chris Jones,chris.jones109@example.com,2024-04-09
1340,Jane Garcia,jane.garcia991@example.com,2025-09-14
1341,Emily Williams,emily.williams343@example.com,2024-11-11
1342,Sarah Jones,sarah.jones495@example.com,2024-03-20
1343,Daniel Brown,daniel.brown757@example.com,2024-09-29
1344,Emma Smith,emma.smith847@example.com,2024-04-16
1345,Daniel Rodriguez,daniel.rodriguez971@example.com,2024-01-30
1346,Chris Davis,chris.davis594@example.com,2024-06-09
1347,Emma Williams,emma.williams50@example.com,2024-07-01
1348,Emily Davis,emily.davis537@example.com,2024-02-14
1349,Emily Jones,emily.jones397@example.com,2023-12-03
1350,Michael Miller,michael.miller56@example.com,2024-07-12
1351,John Rodriguez,john.rodriguez143@example.com,2025-08-09
1352,John Brown,john.brown306@example.com,2024-12-12
1353,David Garcia,david.garcia478@example.com,2023-12-09
1354,Emma Jones,emma.jones51@example.com,2025-10-07
1355,Michael Williams,michael.williams932@example.com,2025-02-11
1356,Emma Garcia,emma.garcia738@example.com,2025-06-22
1357,Laura Miller,laura.miller237@example.com,2025-10-23
1358,Emma Rodriguez,emma.rodriguez803@example.com,2024-08-28
1359,Laura Martinez,laura.martinez85@example.com,2024-06-06
1360,Emily Miller,emily.miller971@example.com,2024-04-21
1361,Laura Williams,laura.williams10@example.com,2025-09-13
1362,Michael Johnson,michael.johnson579@example.com,2025-07-06
1363,John Smith,john.smith978@example.com,2024-02-12
1364,Jane Brown,jane.brown901@example.com,2024-11-20
1365,Jane Martinez,jane.martinez413@example.com,2024-12-11
1366,Jane Garcia,jane.garcia299@example.com,2024-01-30
1367,Emma Martinez,emma.martinez451@example.com,2024-06-07
1368,Michael Brown,michael.brown155@example.com,2024-05-15
1369,Daniel Miller,daniel.miller287@example.com,2025-03-06
1370,Laura Jones,laura.jones246@example.com,2025-09-12
1371,John Davis,john.davis139@example.com,2024-12-22
1372,Daniel Brown,daniel.brown507@example.com,2024-12-23
1373,Jane Rodriguez,jane.rodriguez203@example.com,2025-10-17
1374,Laura Martinez,laura.martinez731@example.com,2025-09-05
1375,Michael Brown,michael.brown520@example.com,2024-05-01
1376,Sarah Smith,sarah.smith286@example.com,2023-12-20
1377,Laura Williams,laura.williams298@example.com,2024-10-03
1378,Jane Williams,jane.williams929@example.com,2024-01-18
1379,Emily Smith,emily.smith529@example.com,2024-05-01
1380,David Johnson,david.johnson54@example.com,2024-05-27
1381,Laura Williams,laura.williams732@example.com,2025-08-08
1382,Jane Johnson,jane.johnson202@example.com,2024-02-12
1383,Chris Garcia,chris.garcia534@example.com,2024-01-07
1384,Emma Brown,emma.brown761@example.com,2024-09-23
1385,Sarah Davis,sarah.davis561@example.com,2025-04-04
1386,Emily Williams,emily.williams88@example.com,2024-09-19
1387,John Williams,john.williams419@example.com,2025-05-22
1388,Emily Garcia,emily.garcia189@example.com,2024-03-11
1389,Sarah Martinez,sarah.martinez43@example.com,2025-04-15
1390,Michael Williams,michael.williams91@example.com,2024-01-28
1391,Emma Smith,emma.smith88@example.com,2024-07-28
1392,John Rodriguez,john.rodriguez762@example.com,2025-05-15
1393,John Miller,john.miller476@example.com,2024-11-10
1394,Chris Miller,chris.miller594@example.com,2025-07-28
1395,Jane Johnson,jane.johnson160@example.com,2025-02-07
1396,Emily Brown,emily.brown546@example.com,2025-09-12
1397,David Davis,david.davis634@example.com,2025-01-27
1398,David Martinez,david.martinez987@example.com,2024-09-15
1399,John Jones,john.jones547@example.com,2025-08-16
1400,Sarah Smith,sarah.smith898@example.com,2024-03-11
1401,Sarah Johnson,sarah.johnson727@example.com,2025-05-17
1402,David Smith,david.smith102@example.com,2024-06-17
1403,Emma Jones,emma.jones616@example.com,2024-08-01
1404,Laura Smith,laura.smith31@example.com,2024-01-26
1405,Sarah Rodriguez,sarah.rodriguez657@example.com,2024-02-08
1406,Emily Rodriguez,emily.rodriguez928@example.com,2025-04-13
1407,Emma Garcia,emma.garcia928@example.com,2024-12-03
1408,David Miller,david.miller622@example.com,2024-11-29
1409,Daniel Smith,daniel.smith133@example.com,2025-07-07
1410,Laura Jones,laura.jones538@example.com,2025-03-31
1411,Jane Davis,jane.davis785@example.com,2023-12-31
1412,Jane Williams,jane.williams129@example.com,2025-09-13
1413,Chris Miller,chris.miller745@example.com,2025-09-11
1414,Jane Smith,jane.smith513@example.com,2025-11-17
1415,David Smith,david.smith351@example.com,2025-07-28
1416,Sarah Garcia,sarah.garcia373@example.com,2024-07-22
1417,Sarah Williams,sarah.williams673@example.com,2024-02-18
1418,David Rodriguez,david.rodriguez951@example.com,2024-11-05
1419,Emily Rodriguez,emily.rodriguez173@example.com,2025-09-10
1420,Jane Martinez,jane.martinez464@example.com,2024-05-07
1421,Michael Brown,michael.brown807@example.com,2025-01-12
1422,John Garcia,john.garcia790@example.com,2025-01-05
1423,Chris Williams,chris.williams268@example.com,2025-07-11
1424,Daniel Williams,daniel.williams514@example.com,2025-01-02
1425,Michael Jones,michael.jones970@example.com,2024-09-06
1426,John Williams,john.williams532@example.com,2024-03-25
1427,Emma Rodriguez,emma.rodriguez338@example.com,2025-09-01
1428,Laura Johnson,laura.johnson104@example.com,2024-07-31
1429,Daniel Johnson,daniel.johnson722@example.com,2025-11-28
1430,Sarah Smith,sarah.smith383@example.com,2024-07-12
1431,John Garcia,john.garcia621@example.com,2024-11-16
1432,Laura Davis,laura.davis329@example.com,2024-02-05
1433,Laura Davis,laura.davis860@example.com,2025-01-19
1434,Laura Rodriguez,laura.rodriguez508@example.com,2024-12-01
1435,John Rodriguez,john.rodriguez388@example.com,2025-06-24
1436,Emma Garcia,emma.garcia892@example.com,2025-10-11
1437,Emily Miller,emily.miller541@example.com,2024-01-21
1438,Emily Johnson,emily.johnson636@example.com,2025-07-17
1439,Daniel Jones,daniel.jones900@example.com,2024-10-14
1440,John Martinez,john.martinez38@example.com,2025-04-01
1441,John Miller,john.miller46@example.com,2025-05-26
1442,Sarah Jones,sarah.jones877@example.com,2025-06-08
1443,Michael Davis,michael.davis953@example.com,2024-07-09
1444,John Garcia,john.garcia991@example.com,2025-09-23
1445,Emma Martinez,emma.martinez547@example.com,2023-12-01
1446,Jane Miller,jane.miller929@example.com,2023-12-04
1447,Jane Johnson,jane.johnson235@example.com,2024-09-10
1448,Emily Davis,emily.davis397@example.com,2024-11-20
1449,Laura Brown,laura.brown741@example.com,2025-10-16
1450,Michael Johnson,michael.johnson99@example.com,2025-01-16
1451,David Davis,david.davis273@example.com,2025-10-29
1452,Michael Martinez,michael.martinez686@example.com,2025-10-01
1453,Jane Davis,jane.davis286@example.com,2025-03-30
1454,Emily Miller,emily.miller385@example.com,2025-06-23
1455,Sarah Johnson,sarah.johnson915@example.com,2025-11-26
1456,Michael Smith,michael.smith363@example.com,2024-04-02
1457,John Brown,john.brown61@example.com,2025-09-07
1458,David Garcia,david.garcia376@example.com,2024-01-20
1459,Michael Martinez,michael.martinez776@example.com,2025-11-28
1460,Chris Garcia,chris.garcia737@example.com,2025-07-28
1461,Emma Martinez,emma.martinez505@example.com,2024-05-28
1462,Laura Jones,laura.jones849@example.com,2023-12-19
1463,Chris Williams,chris.williams8@example.com,2023-12-18
1464,Jane Martinez,jane.martinez763@example.com,2024-09-01
1465,Emma Garcia,emma.garcia243@example.com,2025-01-26
1466,Jane Martinez,jane.martinez127@example.com,2024-07-12
1467,Daniel Williams,daniel.williams432@example.com,2024-05-01
1468,Emma Martinez,emma.martinez990@example.com,2024-08-31
1469,David Williams,david.williams902@example.com,2023-12-28
1470,David Johnson,david.johnson678@example.com,2025-06-21
1471,Laura Johnson,laura.johnson672@example.com,2025-11-06
1472,Chris Martinez,chris.martinez605@example.com,2024-01-20
1473,Jane Miller,jane.miller232@example.com,2024-02-17
1474,Emily Brown,emily.brown763@example.com,2025-01-17
1475,Emily Williams,emily.williams685@example.com,2024-08-03
1476,Michael Garcia,michael.garcia264@example.com,2024-04-27
1477,John Williams,john.williams467@example.com,2024-05-13
1478,Emma Johnson,emma.johnson540@example.com,2025-01-31
1479,Jane Williams,jane.williams498@example.com,2024-09-18
1480,Emma Jones,emma.jones968@example.com,2025-05-31
1481,John Miller,john.miller68@example.com,2025-01-30
1482,Daniel Garcia,daniel.garcia212@example.com,2024-07-04
1483,John Brown,john.brown734@example.com,2025-08-17
1484,Emily Brown,emily.brown76@example.com,2024-04-23
1485,David Rodriguez,david.rodriguez313@example.com,2023-12-05
1486,David Garcia,david.garcia934@example.com,2024-03-26
1487,Chris Rodriguez,chris.rodriguez312@example.com,2024-01-12
1488,Laura Davis,laura.davis82@example.com,2024-03-20
1489,John Garcia,john.garcia963@example.com,2024-03-01
1490,Emma Johnson,emma.johnson987@example.com,2024-08-25
1491,Chris Johnson,chris.johnson533@example.com,2025-09-27
1492,John Miller,john.miller917@example.com,2024-04-30
1493,Chris Miller,chris.miller303@example.com,2024-01-22
1494,John Brown,john.brown426@example.com,2024-07-05
1495,Michael Jones,michael.jones205@example.com,2024-05-13
1496,Michael Davis,michael.davis12@example.com,2025-10-20
1497,Emma Brown,emma.brown23@example.com,2025-05-05
1498,Emma Williams,emma.williams847@example.com,2024-05-12
1499,Sarah Davis,sarah.davis131@example.com,2025-11-02
1500,Jane Martinez,jane.martinez656@example.com,2024-11-21
